{
  "Component-preload.js.map": 1718971103969,
  "test/integration/opaTests.qunit.js": 1718969082665,
  "test/integration/pages/EmployeeList.js": 1718969082677,
  "test/integration/pages/EmployeeObjectPage.js": 1718969082677,
  "test/integration/FirstJourney.js": 1718969082681,
  "test/testsuite.qunit.js": 1718969082665,
  "xs-app.json": 1718971088608,
  "manifest.json": 1718970211002,
  "Component.js": 1718969082633,
  "Component-dbg.js": 1718969082633,
  "Component.js.map": 1718971103816,
  "test/integration/pages/EmployeeList-dbg.js": 1718969082677,
  "test/integration/pages/EmployeeList.js.map": 1718971103806,
  "test/integration/pages/EmployeeObjectPage-dbg.js": 1718969082677,
  "test/integration/pages/EmployeeObjectPage.js.map": 1718971103824,
  "test/integration/FirstJourney-dbg.js": 1718969082681,
  "test/integration/FirstJourney.js.map": 1718971103816,
  "test/testsuite.qunit-dbg.js": 1718969082665,
  "test/testsuite.qunit.js.map": 1718971103812,
  "test/integration/opaTests.qunit-dbg.js": 1718969082665,
  "test/integration/opaTests.qunit.js.map": 1718971103816,
  "Component-preload.js": 1718971103969,
  "i18n/i18n.properties": 1718969091317,
  "test/integration/opaTests.qunit.html": 1718969082665,
  "test/testsuite.qunit.html": 1718969082661,
  "test/flpSandbox.html": 1718969082653,
  "index.html": 1718969082633
}